{
  "id": null,
  "uid": "creptoai-dashboard",
  "title": "CreptoAI - Monitoring (Full Starter)",
  "tags": [
    "creptoai",
    "observability"
  ],
  "schemaVersion": 36,
  "version": 1,
  "refresh": "10s",
  "timezone": "browser",
  "templating": {
    "list": [
      {
        "name": "interval",
        "type": "interval",
        "query": "10s,30s,1m,5m",
        "current": {
          "text": "10s",
          "value": "10s"
        }
      },
      {
        "name": "symbol",
        "type": "query",
        "query": "BTC,ETH,BNB,ADA,SOL",
        "current": {
          "text": "BTC",
          "value": "BTC"
        }
      },
      {
        "name": "api",
        "type": "query",
        "query": "coinmarketcap,coingecko,cryptocompare,backend",
        "current": {
          "text": "backend",
          "value": "backend"
        }
      }
    ]
  },
  "panels": [
    {
      "type": "stat",
      "title": "Total Market Cap",
      "id": 1,
      "targets": [
        {
          "expr": "market_cap_total",
          "refId": "A"
        }
      ],
      "gridPos": {
        "h": 4,
        "w": 6,
        "x": 0,
        "y": 0
      }
    },
    {
      "type": "stat",
      "title": "24h Market Change (%)",
      "id": 2,
      "targets": [
        {
          "expr": "(sum(crypto_price_current) - sum(crypto_price_current offset 24h)) / sum(crypto_price_current offset 24h) * 100",
          "refId": "A"
        }
      ],
      "gridPos": {
        "h": 4,
        "w": 6,
        "x": 6,
        "y": 0
      }
    },
    {
      "type": "stat",
      "title": "System Health (composite)",
      "id": 3,
      "targets": [
        {
          "expr": "1 - max(sum(rate(api_errors_total[5m])) / sum(rate(api_requests_total[5m])) , 0)",
          "refId": "A"
        }
      ],
      "gridPos": {
        "h": 4,
        "w": 6,
        "x": 12,
        "y": 0
      }
    },
    {
      "type": "stat",
      "title": "API Overall Latency (p95)",
      "id": 4,
      "targets": [
        {
          "expr": "histogram_quantile(0.95, sum(rate(api_request_duration_seconds_bucket[5m])) by (le))",
          "refId": "A"
        }
      ],
      "gridPos": {
        "h": 4,
        "w": 6,
        "x": 18,
        "y": 0
      }
    },
    {
      "type": "timeseries",
      "title": "BTC Price",
      "id": 10,
      "targets": [
        {
          "expr": "crypto_price_current{symbol=\"BTC\"}",
          "refId": "A"
        }
      ],
      "gridPos": {
        "h": 8,
        "w": 8,
        "x": 0,
        "y": 4
      }
    },
    {
      "type": "timeseries",
      "title": "ETH Price",
      "id": 11,
      "targets": [
        {
          "expr": "crypto_price_current{symbol=\"ETH\"}",
          "refId": "A"
        }
      ],
      "gridPos": {
        "h": 8,
        "w": 8,
        "x": 8,
        "y": 4
      }
    },
    {
      "type": "heatmap",
      "title": "Top 10 Crypto Heatmap",
      "id": 12,
      "targets": [
        {
          "expr": "topk(10, sum by(symbol) (rate(crypto_price_current[1h])))",
          "refId": "A"
        }
      ],
      "gridPos": {
        "h": 8,
        "w": 8,
        "x": 16,
        "y": 4
      }
    },
    {
      "type": "timeseries",
      "title": "Fear & Greed Index",
      "id": 13,
      "targets": [
        {
          "expr": "fear_greed_index_value",
          "refId": "A"
        }
      ],
      "gridPos": {
        "h": 8,
        "w": 8,
        "x": 24,
        "y": 4
      }
    },
    {
      "type": "timeseries",
      "title": "API p95 Latency by API",
      "id": 20,
      "targets": [
        {
          "expr": "histogram_quantile(0.95, sum(rate(api_request_duration_seconds_bucket[5m])) by (le, service))",
          "refId": "A"
        }
      ],
      "gridPos": {
        "h": 6,
        "w": 12,
        "x": 0,
        "y": 12
      }
    },
    {
      "type": "timeseries",
      "title": "API Success Rate",
      "id": 21,
      "targets": [
        {
          "expr": "(sum(rate(api_requests_total[5m])) by (service) - sum(rate(api_errors_total[5m])) by (service)) / sum(rate(api_requests_total[5m])) by (service)",
          "refId": "A"
        }
      ],
      "gridPos": {
        "h": 6,
        "w": 12,
        "x": 12,
        "y": 12
      }
    },
    {
      "type": "timeseries",
      "title": "Rate Limit Usage",
      "id": 22,
      "targets": [
        {
          "expr": "api_rate_limit_remaining",
          "refId": "A"
        }
      ],
      "gridPos": {
        "h": 6,
        "w": 12,
        "x": 24,
        "y": 12
      }
    },
    {
      "type": "timeseries",
      "title": "Node.js CPU Usage (%)",
      "id": 30,
      "targets": [
        {
          "expr": "100 * (rate(process_cpu_seconds_total[1m]) / (1))",
          "refId": "A"
        }
      ],
      "gridPos": {
        "h": 6,
        "w": 12,
        "x": 0,
        "y": 18
      }
    },
    {
      "type": "timeseries",
      "title": "Node.js Memory (heap_used_bytes)",
      "id": 31,
      "targets": [
        {
          "expr": "nodejs_heap_used_bytes",
          "refId": "A"
        }
      ],
      "gridPos": {
        "h": 6,
        "w": 12,
        "x": 12,
        "y": 18
      }
    },
    {
      "type": "timeseries",
      "title": "DB Connection Pool (active)",
      "id": 32,
      "targets": [
        {
          "expr": "db_connections_active",
          "refId": "A"
        }
      ],
      "gridPos": {
        "h": 6,
        "w": 12,
        "x": 24,
        "y": 18
      }
    },
    {
      "type": "timeseries",
      "title": "Trading Signals Generated",
      "id": 40,
      "targets": [
        {
          "expr": "sum(rate(trading_signals_generated_total[5m])) by (strategy)",
          "refId": "A"
        }
      ],
      "gridPos": {
        "h": 6,
        "w": 12,
        "x": 0,
        "y": 24
      }
    },
    {
      "type": "timeseries",
      "title": "Prediction Accuracy (rolling)",
      "id": 41,
      "targets": [
        {
          "expr": "avg_over_time(trading_signal_accuracy[1h])",
          "refId": "A"
        }
      ],
      "gridPos": {
        "h": 6,
        "w": 12,
        "x": 12,
        "y": 24
      }
    },
    {
      "type": "stat",
      "title": "Portfolio P&L",
      "id": 42,
      "targets": [
        {
          "expr": "portfolio_pnl_total",
          "refId": "A"
        }
      ],
      "gridPos": {
        "h": 6,
        "w": 12,
        "x": 24,
        "y": 24
      }
    },
    {
      "type": "table",
      "title": "Active Alerts (from Prometheus Alertmanager)",
      "id": 50,
      "targets": [
        {
          "expr": "ALERTS",
          "refId": "A"
        }
      ],
      "gridPos": {
        "h": 8,
        "w": 24,
        "x": 0,
        "y": 30
      }
    },
    {
      "type": "timeseries",
      "title": "Anomaly Score (market)",
      "id": 51,
      "targets": [
        {
          "expr": "market_anomaly_score",
          "refId": "A"
        }
      ],
      "gridPos": {
        "h": 8,
        "w": 12,
        "x": 24,
        "y": 30
      }
    },
    {
      "type": "logs",
      "title": "Recent Application Logs (if Loki)",
      "id": 52,
      "gridPos": {
        "h": 8,
        "w": 12,
        "x": 36,
        "y": 30
      }
    }
  ]
}